{
  "$schema": "http://json-schema.org/draft-07/schema#",
  "title": "Generated schema for Root",
  "type": "object",
  "properties": {
    "PODS": {
      "type": "object",
      "properties": {
        "clearingAndSettlement": {
          "type": "object",
          "properties": {
            "prvsInstgAgt1": {
              "type": "object",
              "properties": {
                "finInstnId": {
                  "type": "object",
                  "properties": {
                    "othr": {
                      "type": "object",
                      "properties": {
                        "id": {
                          "type": "string"
                        }
                      },
                      "required": [
                        "id"
                      ]
                    },
                    "pstlAdr": {
                      "type": "object",
                      "properties": {
                        "adrLine": {
                          "type": "array",
                          "items": {
                            "type": "string"
                          }
                        }
                      },
                      "required": [
                        "adrLine"
                      ]
                    },
                    "nm": {
                      "type": "string"
                    }
                  },
                  "required": [
                    "othr",
                    "pstlAdr",
                    "nm"
                  ]
                }
              },
              "required": [
                "finInstnId"
              ]
            },
            "chrgsInf": {
              "type": "array",
              "items": {
                "type": "object",
                "properties": {
                  "chrgBr": {
                    "type": "string"
                  }
                },
                "required": [
                  "chrgBr"
                ]
              }
            },
            "cdtTrfTxInf": {
              "type": "object",
              "properties": {
                "intrBkSttlmAmt": {
                  "type": "number"
                },
                "intrBkSttlmAmtCcy": {
                  "type": "string"
                }
              },
              "required": [
                "intrBkSttlmAmt",
                "intrBkSttlmAmtCcy"
              ]
            },
            "instgAgt": {
              "type": "object",
              "properties": {
                "finInstnId": {
                  "type": "object",
                  "properties": {
                    "clrSysMmbId": {
                      "type": "object",
                      "properties": {
                        "mmbId": {
                          "type": "string"
                        }
                      },
                      "required": [
                        "mmbId"
                      ]
                    },
                    "nm": {
                      "type": "string"
                    }
                  },
                  "required": [
                    "clrSysMmbId",
                    "nm"
                  ]
                }
              },
              "required": [
                "finInstnId"
              ]
            },
            "pmtTpInf": {
              "type": "object",
              "properties": {
                "lclInstrm": {
                  "type": "object",
                  "properties": {
                    "prtry": {
                      "type": "string"
                    }
                  },
                  "required": [
                    "prtry"
                  ]
                }
              },
              "required": [
                "lclInstrm"
              ]
            },
            "instdAgt": {
              "type": "object",
              "properties": {
                "finInstnId": {
                  "type": "object",
                  "properties": {
                    "clrSysMmbId": {
                      "type": "object",
                      "properties": {
                        "mmbId": {
                          "type": "string"
                        }
                      },
                      "required": [
                        "mmbId"
                      ]
                    },
                    "nm": {
                      "type": "string"
                    }
                  },
                  "required": [
                    "clrSysMmbId",
                    "nm"
                  ]
                }
              },
              "required": [
                "finInstnId"
              ]
            },
            "intrmyAgt1": {
              "type": "object",
              "properties": {
                "finInstnId": {
                  "type": "object",
                  "properties": {
                    "pstlAdr": {
                      "type": "object",
                      "properties": {
                        "adrLine": {
                          "type": "array",
                          "items": {
                            "type": "string"
                          }
                        }
                      },
                      "required": [
                        "adrLine"
                      ]
                    },
                    "nm": {
                      "type": "string"
                    }
                  },
                  "required": [
                    "pstlAdr",
                    "nm"
                  ]
                }
              },
              "required": [
                "finInstnId"
              ]
            }
          },
          "required": [
            "prvsInstgAgt1",
            "chrgsInf",
            "cdtTrfTxInf",
            "instgAgt",
            "pmtTpInf",
            "instdAgt",
            "intrmyAgt1"
          ]
        },
        "otherTransactionDates": {
          "type": "object",
          "properties": {
            "debitValueDateTime": {
              "type": "string"
            }
          },
          "required": [
            "debitValueDateTime"
          ]
        },
        "remittanceData": {
          "type": "object",
          "properties": {
            "remittanceAdvice": {
              "type": "object",
              "properties": {
                "remittanceInformation": {
                  "type": "object",
                  "properties": {
                    "unstructured": {
                      "type": "array",
                      "items": {
                        "type": "string"
                      }
                    },
                    "structured": {
                      "type": "object",
                      "properties": {
                        "tax": {
                          "type": "object",
                          "properties": {
                            "rcrd": {
                              "type": "object",
                              "properties": {
                                "prd": {
                                  "type": "object",
                                  "properties": {
                                    "mnth": {
                                      "type": "string"
                                    },
                                    "yr": {
                                      "type": "string"
                                    }
                                  },
                                  "required": [
                                    "mnth",
                                    "yr"
                                  ]
                                },
                                "addtlInf": {
                                  "type": "string"
                                },
                                "tp": {
                                  "type": "string"
                                }
                              },
                              "required": [
                                "prd",
                                "addtlInf",
                                "tp"
                              ]
                            },
                            "cdtr": {
                              "type": "object",
                              "properties": {
                                "taxId": {
                                  "type": "string"
                                },
                                "regnId": {
                                  "type": "string"
                                }
                              },
                              "required": [
                                "taxId",
                                "regnId"
                              ]
                            }
                          },
                          "required": [
                            "rcrd",
                            "cdtr"
                          ]
                        }
                      },
                      "required": [
                        "tax"
                      ]
                    }
                  },
                  "required": [
                    "unstructured",
                    "structured"
                  ]
                }
              },
              "required": [
                "remittanceInformation"
              ]
            }
          },
          "required": [
            "remittanceAdvice"
          ]
        },
        "direction": {
          "type": "string"
        },
        "productType": {
          "type": "string"
        },
        "creDtTm": {
          "type": "string"
        },
        "retrieveIndicator": {
          "type": "string"
        },
        "otherIds": {
          "type": "object",
          "properties": {
            "OMAD": {
              "type": "string"
            },
            "IMAD": {
              "type": "string"
            },
            "UETR": {
              "type": "string"
            },
            "uniquePaymentIdentifier": {
              "type": "string"
            },
            "senderReferenceNumber": {
              "type": "string"
            }
          },
          "required": [
            "OMAD",
            "IMAD",
            "UETR",
            "uniquePaymentIdentifier",
            "senderReferenceNumber"
          ]
        },
        "productSubtype": {
          "type": "string"
        },
        "initiation": {
          "type": "object",
          "properties": {
            "initiatingChannel": {
              "type": "string"
            },
            "dbtrAcct": {
              "type": "object",
              "properties": {
                "id": {
                  "type": "object",
                  "properties": {
                    "othr": {
                      "type": "object",
                      "properties": {
                        "schmeNm": {
                          "type": "object",
                          "properties": {
                            "cd": {
                              "type": "string"
                            }
                          },
                          "required": [
                            "cd"
                          ]
                        },
                        "id": {
                          "type": "string"
                        }
                      },
                      "required": [
                        "schmeNm",
                        "id"
                      ]
                    }
                  },
                  "required": [
                    "othr"
                  ]
                },
                "tp": {
                  "type": "object",
                  "properties": {
                    "cd": {
                      "type": "string"
                    }
                  },
                  "required": [
                    "cd"
                  ]
                }
              },
              "required": [
                "id",
                "tp"
              ]
            },
            "cdtrAgt": {
              "type": "object",
              "properties": {
                "instrForCdtrAgt": {
                  "type": "array",
                  "items": {
                    "type": "object",
                    "properties": {
                      "instrInf": {
                        "type": "string"
                      }
                    },
                    "required": [
                      "instrInf"
                    ]
                  }
                },
                "finInstnId": {
                  "type": "object",
                  "properties": {
                    "clrSysMmbId": {
                      "type": "object",
                      "properties": {
                        "mmbId": {
                          "type": "string"
                        },
                        "clrSysId": {
                          "type": "object",
                          "properties": {
                            "cd": {
                              "type": "string"
                            }
                          },
                          "required": [
                            "cd"
                          ]
                        }
                      },
                      "required": [
                        "mmbId",
                        "clrSysId"
                      ]
                    },
                    "nm": {
                      "type": "string"
                    }
                  },
                  "required": [
                    "clrSysMmbId",
                    "nm"
                  ]
                }
              },
              "required": [
                "instrForCdtrAgt",
                "finInstnId"
              ]
            },
            "cdtrAcct": {
              "type": "object",
              "properties": {
                "id": {
                  "type": "object",
                  "properties": {
                    "othr": {
                      "type": "object",
                      "properties": {
                        "id": {
                          "type": "string"
                        }
                      },
                      "required": [
                        "id"
                      ]
                    }
                  },
                  "required": [
                    "othr"
                  ]
                }
              },
              "required": [
                "id"
              ]
            },
            "dbtrAgt": {
              "type": "object",
              "properties": {
                "finInstnId": {
                  "type": "object",
                  "properties": {
                    "othr": {
                      "type": "object",
                      "properties": {
                        "id": {
                          "type": "string"
                        }
                      },
                      "required": [
                        "id"
                      ]
                    }
                  },
                  "required": [
                    "othr"
                  ]
                }
              },
              "required": [
                "finInstnId"
              ]
            },
            "dbtr": {
              "type": "object",
              "properties": {
                "pstlAdr": {
                  "type": "object",
                  "properties": {
                    "ctry": {
                      "type": "string"
                    }
                  },
                  "required": [
                    "ctry"
                  ]
                },
                "id": {
                  "type": "object",
                  "properties": {
                    "othr": {
                      "type": "array",
                      "items": {
                        "type": "object",
                        "properties": {
                          "schmeNm": {
                            "type": "object",
                            "properties": {
                              "cd": {
                                "type": "string"
                              }
                            },
                            "required": [
                              "cd"
                            ]
                          },
                          "id": {
                            "type": "string"
                          }
                        },
                        "required": [
                          "schmeNm",
                          "id"
                        ]
                      }
                    }
                  },
                  "required": [
                    "othr"
                  ]
                }
              },
              "required": [
                "pstlAdr",
                "id"
              ]
            },
            "initgPty": {
              "type": "object",
              "properties": {
                "nm": {
                  "type": "string"
                }
              },
              "required": [
                "nm"
              ]
            },
            "cdtr": {
              "type": "object",
              "properties": {
                "pstlAdr": {
                  "type": "object",
                  "properties": {
                    "adrLine": {
                      "type": "array",
                      "items": {
                        "type": "string"
                      }
                    }
                  },
                  "required": [
                    "adrLine"
                  ]
                },
                "nm": {
                  "type": "string"
                }
              },
              "required": [
                "pstlAdr",
                "nm"
              ]
            }
          },
          "required": [
            "initiatingChannel",
            "dbtrAcct",
            "cdtrAgt",
            "cdtrAcct",
            "dbtrAgt",
            "dbtr",
            "initgPty",
            "cdtr"
          ]
        },
        "lifeCycleInfo": {
          "type": "object",
          "properties": {
            "messageType": {
              "type": "string"
            },
            "eventType": {
              "type": "string"
            },
            "eventId": {
              "type": "string"
            },
            "timestamp": {
              "type": "string"
            }
          },
          "required": [
            "messageType",
            "eventType",
            "eventId",
            "timestamp"
          ]
        },
        "transactionType": {
          "type": "string"
        },
        "transactionIdentification": {
          "type": "string"
        }
      },
      "required": [
        "clearingAndSettlement",
        "otherTransactionDates",
        "remittanceData",
        "direction",
        "productType",
        "creDtTm",
        "retrieveIndicator",
        "otherIds",
        "productSubtype",
        "initiation",
        "lifeCycleInfo",
        "transactionType",
        "transactionIdentification"
      ]
    }
  },
  "required": [
    "PODS"
  ]
}