{
  "$schema": "http://json-schema.org/draft-07/schema#",
  "title": "Generated schema for Root",
  "type": "object",
  "properties": {
    "PODS": {
      "type": "object",
      "properties": {
        "otherIds": {
          "type": "object",
          "properties": {
            "uniquePaymentIdentifier": {
              "type": "string"
            },
            "senderReferenceNumber": {
              "type": "string"
            }
          },
          "required": [
            "uniquePaymentIdentifier",
            "senderReferenceNumber"
          ]
        },
        "transactionIdentification": {
          "type": "string"
        },
        "lifeCycleInfo": {
          "type": "object",
          "properties": {
            "eventSubType": {
              "type": "string"
            },
            "messageType": {
              "type": "string"
            },
            "messageSubtype": {
              "type": "string"
            },
            "eventType": {
              "type": "string"
            },
            "eventId": {
              "type": "string"
            },
            "timestamp": {
              "type": "string"
            }
          },
          "required": [
            "eventSubType",
            "messageType",
            "messageSubtype",
            "eventType",
            "eventId",
            "timestamp"
          ]
        }
      },
      "required": [
        "otherIds",
        "transactionIdentification",
        "lifeCycleInfo"
      ]
    }
  },
  "required": [
    "PODS"
  ]
}